f,i,r,s,t, ,a,l,g,o,r,i,t,h,m,"
"
s,e,c,o,n,d, ,a,l,g,o,"
"
f,i,r,s,t, ,a,l,g,o,r,i,t,h,m,"
"
s,e,c,o,n,d, ,a,l,g,o,"
"
f,i,r,s,t, ,a,l,g,o,r,i,t,h,m,"
"
s,e,c,o,n,d, ,a,l,g,o,"
"
f,i,r,s,t, ,a,l,g,o,r,i,t,h,m,"
"
s,e,c,o,n,d, ,a,l,g,o,"
"
f,i,r,s,t, ,a,l,g,o,r,i,t,h,m,"
"
s,e,c,o,n,d, ,a,l,g,o,"
"
f,i,r,s,t, ,a,l,g,o,r,i,t,h,m,"
"
s,e,c,o,n,d, ,a,l,g,o,"
"
f,i,r,s,t, ,a,l,g,o,r,i,t,h,m,"
"
s,e,c,o,n,d, ,a,l,g,o,"
"
f,i,r,s,t, ,a,l,g,o,r,i,t,h,m,"
"
s,e,c,o,n,d, ,a,l,g,o,"
"
f,i,r,s,t, ,a,l,g,o,r,i,t,h,m,"
"
s,e,c,o,n,d, ,a,l,g,o,"
"
f,i,r,s,t, ,a,l,g,o,r,i,t,h,m,"
"
s,e,c,o,n,d, ,a,l,g,o,"
"
f,i,r,s,t, ,a,l,g,o,r,i,t,h,m,"
"
s,e,c,o,n,d, ,a,l,g,o,"
"
f,i,r,s,t, ,a,l,g,o,r,i,t,h,m,"
"
s,e,c,o,n,d, ,a,l,g,o,"
"
f,i,r,s,t, ,a,l,g,o,r,i,t,h,m,"
"
s,e,c,o,n,d, ,a,l,g,o,"
"
f,i,r,s,t, ,a,l,g,o,r,i,t,h,m,"
"
s,e,c,o,n,d, ,a,l,g,o,"
"
f,i,r,s,t, ,a,l,g,o,r,i,t,h,m,"
"
s,e,c,o,n,d, ,a,l,g,o,"
"
f,i,r,s,t, ,a,l,g,o,r,i,t,h,m,"
"
s,e,c,o,n,d, ,a,l,g,o,"
"
f,i,r,s,t, ,a,l,g,o,r,i,t,h,m,"
"
s,e,c,o,n,d, ,a,l,g,o,"
"
f,i,r,s,t, ,a,l,g,o,r,i,t,h,m,"
"
f,i,r,s,t, ,a,l,g,o,r,i,t,h,m,"
"
f,i,r,s,t, ,a,l,g,o,r,i,t,h,m,"
"
f,i,r,s,t, ,a,l,g,o,r,i,t,h,m,"
"
f,i,r,s,t, ,a,l,g,o,r,i,t,h,m,"
"
s,e,c,o,n,d, ,a,l,g,o,"
"
f,i,r,s,t, ,a,l,g,o,r,i,t,h,m,"
"
s,e,c,o,n,d, ,a,l,g,o,"
"
f,i,r,s,t, ,a,l,g,o,r,i,t,h,m,"
"

f,i,r,s,t, ,a,l,g,o,r,i,t,h,m,"
"

f,i,r,s,t, ,a,l,g,o,r,i,t,h,m,"
"





